TXN_ID,ACCOUNT_ID,ACCOUNT_NUMBER,TIMESTAMP,AMOUNT_INR,COUNTERPARTY_ID,COUNTERPARTY_ACCOUNT,CASE_ID,EVIDENCE_ID,CLASSIFICATION
TXN-0001,ACC-001,33901122,2025-08-18T10:01:00Z,7061.63,ACC-002,44120987,CASE-305,EV-3070,SYNTHETIC DEMONSTRATION DATA
TXN-0002,ACC-001,33901122,2025-08-18T12:14:00Z,2546.53,ACC-002,44120987,CASE-305,EV-3070,SYNTHETIC DEMONSTRATION DATA
TXN-0003,ACC-001,33901122,2025-08-19T10:43:00Z,7055.01,ACC-002,44120987,CASE-305,EV-3070,SYNTHETIC DEMONSTRATION DATA
TXN-0004,ACC-001,33901122,2025-08-19T17:05:00Z,5928.69,ACC-002,44120987,CASE-305,EV-3070,SYNTHETIC DEMONSTRATION DATA
TXN-0005,ACC-001,33901122,2025-08-20T09:01:00Z,2202.71,ACC-002,44120987,CASE-305,EV-3070,SYNTHETIC DEMONSTRATION DATA
TXN-0006,ACC-001,33901122,2025-08-20T12:32:00Z,6015.14,ACC-002,44120987,CASE-305,EV-3070,SYNTHETIC DEMONSTRATION DATA
TXN-0007,ACC-001,33901122,2025-08-21T17:12:00Z,6870.15,ACC-002,44120987,CASE-305,EV-3070,SYNTHETIC DEMONSTRATION DATA
TXN-0008,ACC-001,33901122,2025-08-21T17:26:00Z,3153.30,ACC-002,44120987,CASE-305,EV-3070,SYNTHETIC DEMONSTRATION DATA
TXN-0009,ACC-001,33901122,2025-08-22T14:00:00Z,29927.69,ACC-003,77650034,CASE-305,EV-3070,SYNTHETIC DEMONSTRATION DATA
TXN-0010,ACC-001,33901122,2025-08-22T14:01:10Z,39614.94,ACC-002,44120987,CASE-305,EV-3070,SYNTHETIC DEMONSTRATION DATA
TXN-0011,ACC-001,33901122,2025-08-22T14:02:20Z,4285.95,ACC-002,44120987,CASE-305,EV-3070,SYNTHETIC DEMONSTRATION DATA
TXN-0012,ACC-001,33901122,2025-08-22T14:03:30Z,39456.05,ACC-003,77650034,CASE-305,EV-3070,SYNTHETIC DEMONSTRATION DATA
TXN-0013,ACC-001,33901122,2025-08-22T14:04:40Z,34718.13,ACC-002,44120987,CASE-305,EV-3070,SYNTHETIC DEMONSTRATION DATA
TXN-0014,ACC-001,33901122,2025-08-22T14:05:50Z,18971.02,ACC-002,44120987,CASE-305,EV-3070,SYNTHETIC DEMONSTRATION DATA
TXN-0015,ACC-001,33901122,2025-08-22T14:07:00Z,10841.10,ACC-003,77650034,CASE-305,EV-3070,SYNTHETIC DEMONSTRATION DATA
TXN-0016,ACC-001,33901122,2025-08-22T14:08:10Z,46117.38,ACC-002,44120987,CASE-305,EV-3070,SYNTHETIC DEMONSTRATION DATA
TXN-0017,ACC-001,33901122,2025-08-22T14:09:20Z,18810.16,ACC-002,44120987,CASE-305,EV-3070,SYNTHETIC DEMONSTRATION DATA
TXN-0018,ACC-001,33901122,2025-08-22T14:10:30Z,8080.82,ACC-003,77650034,CASE-305,EV-3070,SYNTHETIC DEMONSTRATION DATA
TXN-0019,ACC-001,33901122,2025-08-22T14:11:40Z,8255.52,ACC-002,44120987,CASE-305,EV-3070,SYNTHETIC DEMONSTRATION DATA
TXN-0020,ACC-001,33901122,2025-08-22T14:12:50Z,41289.75,ACC-002,44120987,CASE-305,EV-3070,SYNTHETIC DEMONSTRATION DATA
TXN-0021,ACC-001,33901122,2025-08-22T14:14:00Z,30563.95,ACC-003,77650034,CASE-305,EV-3070,SYNTHETIC DEMONSTRATION DATA
TXN-0022,ACC-001,33901122,2025-08-22T14:15:10Z,39513.64,ACC-002,44120987,CASE-305,EV-3070,SYNTHETIC DEMONSTRATION DATA
TXN-0023,ACC-001,33901122,2025-08-22T14:16:20Z,36108.20,ACC-002,44120987,CASE-305,EV-3070,SYNTHETIC DEMONSTRATION DATA
TXN-0024,ACC-001,33901122,2025-08-22T14:17:30Z,27594.04,ACC-003,77650034,CASE-305,EV-3070,SYNTHETIC DEMONSTRATION DATA
TXN-0025,ACC-001,33901122,2025-08-22T14:18:40Z,46817.09,ACC-002,44120987,CASE-305,EV-3070,SYNTHETIC DEMONSTRATION DATA
TXN-0026,ACC-001,33901122,2025-08-22T14:19:50Z,20655.51,ACC-002,44120987,CASE-305,EV-3070,SYNTHETIC DEMONSTRATION DATA
TXN-0027,ACC-001,33901122,2025-08-22T14:21:00Z,28289.79,ACC-003,77650034,CASE-305,EV-3070,SYNTHETIC DEMONSTRATION DATA
TXN-0028,ACC-001,33901122,2025-08-22T14:22:10Z,40493.81,ACC-002,44120987,CASE-305,EV-3070,SYNTHETIC DEMONSTRATION DATA
TXN-0029,ACC-001,33901122,2025-08-22T14:23:20Z,31214.87,ACC-002,44120987,CASE-305,EV-3070,SYNTHETIC DEMONSTRATION DATA
TXN-0030,ACC-001,33901122,2025-08-22T14:24:30Z,41915.10,ACC-003,77650034,CASE-305,EV-3070,SYNTHETIC DEMONSTRATION DATA
TXN-0031,ACC-001,33901122,2025-08-22T14:25:40Z,29403.49,ACC-002,44120987,CASE-305,EV-3070,SYNTHETIC DEMONSTRATION DATA
TXN-0032,ACC-001,33901122,2025-08-22T14:26:50Z,35001.16,ACC-002,44120987,CASE-305,EV-3070,SYNTHETIC DEMONSTRATION DATA
TXN-0033,ACC-001,33901122,2025-08-22T14:28:00Z,6016.27,ACC-003,77650034,CASE-305,EV-3070,SYNTHETIC DEMONSTRATION DATA
TXN-0034,ACC-001,33901122,2025-08-22T14:29:10Z,14027.52,ACC-002,44120987,CASE-305,EV-3070,SYNTHETIC DEMONSTRATION DATA
TXN-0035,ACC-001,33901122,2025-08-22T14:30:20Z,16733.07,ACC-002,44120987,CASE-305,EV-3070,SYNTHETIC DEMONSTRATION DATA
TXN-0036,ACC-001,33901122,2025-08-22T14:31:30Z,7510.85,ACC-003,77650034,CASE-305,EV-3070,SYNTHETIC DEMONSTRATION DATA
TXN-0037,ACC-001,33901122,2025-08-22T14:32:40Z,14242.80,ACC-002,44120987,CASE-305,EV-3070,SYNTHETIC DEMONSTRATION DATA
TXN-0038,ACC-001,33901122,2025-08-22T14:33:50Z,8444.06,ACC-002,44120987,CASE-305,EV-3070,SYNTHETIC DEMONSTRATION DATA
TXN-0039,ACC-001,33901122,2025-08-22T14:35:00Z,16230.84,ACC-003,77650034,CASE-305,EV-3070,SYNTHETIC DEMONSTRATION DATA
TXN-0040,ACC-001,33901122,2025-08-22T14:36:10Z,31970.12,ACC-002,44120987,CASE-305,EV-3070,SYNTHETIC DEMONSTRATION DATA
TXN-0041,ACC-001,33901122,2025-08-22T14:37:20Z,20052.62,ACC-002,44120987,CASE-305,EV-3070,SYNTHETIC DEMONSTRATION DATA
TXN-0042,ACC-001,33901122,2025-08-22T14:38:30Z,20287.96,ACC-003,77650034,CASE-305,EV-3070,SYNTHETIC DEMONSTRATION DATA
TXN-0043,ACC-001,33901122,2025-08-22T14:39:40Z,13218.31,ACC-002,44120987,CASE-305,EV-3070,SYNTHETIC DEMONSTRATION DATA
TXN-0044,ACC-001,33901122,2025-08-22T14:40:50Z,15747.02,ACC-002,44120987,CASE-305,EV-3070,SYNTHETIC DEMONSTRATION DATA
TXN-0045,ACC-001,33901122,2025-08-22T14:42:00Z,45212.80,ACC-003,77650034,CASE-305,EV-3070,SYNTHETIC DEMONSTRATION DATA
TXN-0046,ACC-001,33901122,2025-08-22T14:43:10Z,32513.56,ACC-002,44120987,CASE-305,EV-3070,SYNTHETIC DEMONSTRATION DATA
TXN-0047,ACC-001,33901122,2025-08-22T14:44:20Z,30801.76,ACC-002,44120987,CASE-305,EV-3070,SYNTHETIC DEMONSTRATION DATA
TXN-0048,ACC-001,33901122,2025-08-22T14:45:30Z,11530.10,ACC-003,77650034,CASE-305,EV-3070,SYNTHETIC DEMONSTRATION DATA
TXN-0049,ACC-001,33901122,2025-08-22T14:46:40Z,36081.58,ACC-002,44120987,CASE-305,EV-3070,SYNTHETIC DEMONSTRATION DATA
TXN-0050,ACC-001,33901122,2025-08-22T14:47:50Z,11189.71,ACC-002,44120987,CASE-305,EV-3070,SYNTHETIC DEMONSTRATION DATA
TXN-0051,ACC-001,33901122,2025-08-22T14:49:00Z,20696.04,ACC-003,77650034,CASE-305,EV-3070,SYNTHETIC DEMONSTRATION DATA
TXN-0052,ACC-001,33901122,2025-08-22T14:50:10Z,47539.03,ACC-002,44120987,CASE-305,EV-3070,SYNTHETIC DEMONSTRATION DATA
TXN-0053,ACC-001,33901122,2025-08-22T14:51:20Z,32159.99,ACC-002,44120987,CASE-305,EV-3070,SYNTHETIC DEMONSTRATION DATA
TXN-0054,ACC-001,33901122,2025-08-22T14:52:30Z,28505.79,ACC-003,77650034,CASE-305,EV-3070,SYNTHETIC DEMONSTRATION DATA
TXN-0055,ACC-001,33901122,2025-08-22T14:53:40Z,34123.03,ACC-002,44120987,CASE-305,EV-3070,SYNTHETIC DEMONSTRATION DATA
TXN-0056,ACC-001,33901122,2025-08-22T14:54:50Z,41085.48,ACC-002,44120987,CASE-305,EV-3070,SYNTHETIC DEMONSTRATION DATA
TXN-0057,ACC-001,33901122,2025-08-22T14:56:00Z,38144.00,ACC-003,77650034,CASE-305,EV-3070,SYNTHETIC DEMONSTRATION DATA
TXN-0058,ACC-001,33901122,2025-08-22T14:57:10Z,14078.12,ACC-002,44120987,CASE-305,EV-3070,SYNTHETIC DEMONSTRATION DATA
TXN-0059,ACC-002,44120987,2025-08-20T11:00:00Z,2321.00,ACC-001,33901122,CASE-305,EV-3070,SYNTHETIC DEMONSTRATION DATA
TXN-0060,ACC-002,44120987,2025-08-21T11:00:00Z,5154.53,ACC-001,33901122,CASE-305,EV-3070,SYNTHETIC DEMONSTRATION DATA
TXN-0061,ACC-002,44120987,2025-08-22T11:00:00Z,4677.41,ACC-001,33901122,CASE-305,EV-3070,SYNTHETIC DEMONSTRATION DATA
TXN-0062,ACC-002,44120987,2025-08-23T11:00:00Z,4109.83,ACC-001,33901122,CASE-305,EV-3070,SYNTHETIC DEMONSTRATION DATA
TXN-0063,ACC-002,44120987,2025-08-24T11:00:00Z,11429.10,ACC-001,33901122,CASE-305,EV-3070,SYNTHETIC DEMONSTRATION DATA
