SR_NO,TXN_ID,VALUE_DATE,POSTING_DATE,POSTING_TIME,NARRATION,REF_NO,CHANNEL,DEBIT_INR,CREDIT_INR,BALANCE_INR,COUNTERPARTY_ACCOUNT,COUNTERPARTY_NAME,COUNTERPARTY_IFSC,LINKED_EVIDENCE,CLASSIFICATION
1,TXN-0001,18/08/2025,18/08/2025,10:01:00,UPI/DR/UPI250818592388/DIVYANAIR/BCBK0004412,UPI250818592388,UPI,7061.63,,177438.37,44120987,Divya Nair,BCBK0004412,EV-3070,SYNTHETIC DEMONSTRATION DATA
2,TXN-0002,18/08/2025,18/08/2025,12:14:00,UPI/DR/UPI250818901087/DIVYANAIR/BCBK0004412,UPI250818901087,UPI,2546.53,,174891.84,44120987,Divya Nair,BCBK0004412,EV-3070,SYNTHETIC DEMONSTRATION DATA
3,TXN-0003,19/08/2025,19/08/2025,10:43:00,UPI/DR/UPI250819247697/DIVYANAIR/BCBK0004412,UPI250819247697,UPI,7055.01,,167836.83,44120987,Divya Nair,BCBK0004412,EV-3070,SYNTHETIC DEMONSTRATION DATA
4,TXN-0004,19/08/2025,19/08/2025,17:05:00,UPI/DR/UPI250819245427/DIVYANAIR/BCBK0004412,UPI250819245427,UPI,5928.69,,161908.14,44120987,Divya Nair,BCBK0004412,EV-3070,SYNTHETIC DEMONSTRATION DATA
5,TXN-0005,20/08/2025,20/08/2025,09:01:00,UPI/DR/UPI250820661210/DIVYANAIR/BCBK0004412,UPI250820661210,UPI,2202.71,,159705.43,44120987,Divya Nair,BCBK0004412,EV-3070,SYNTHETIC DEMONSTRATION DATA
6,TXN-0006,20/08/2025,20/08/2025,12:32:00,IMPS/DR/IMPS250820846072/DIVYANAIR/BCBK0004412,IMPS250820846072,IMPS,6015.14,,153690.29,44120987,Divya Nair,BCBK0004412,EV-3070,SYNTHETIC DEMONSTRATION DATA
7,TXN-0007,21/08/2025,21/08/2025,17:12:00,IMPS/DR/IMPS250821254561/DIVYANAIR/BCBK0004412,IMPS250821254561,IMPS,6870.15,,146820.14,44120987,Divya Nair,BCBK0004412,EV-3070,SYNTHETIC DEMONSTRATION DATA
8,TXN-0008,21/08/2025,21/08/2025,17:26:00,UPI/DR/UPI250821794332/DIVYANAIR/BCBK0004412,UPI250821794332,UPI,3153.30,,143666.84,44120987,Divya Nair,BCBK0004412,EV-3070,SYNTHETIC DEMONSTRATION DATA
9,TXN-0009,22/08/2025,22/08/2025,14:00:00,UPI/DR/UPI250822243212/COASTALLOGISTICSPVTLTD/BCBK0007765,UPI250822243212,UPI,29927.69,,113739.15,77650034,Coastal Logistics Pvt Ltd,BCBK0007765,EV-3070,SYNTHETIC DEMONSTRATION DATA
10,TXN-0010,22/08/2025,22/08/2025,14:01:10,IMPS/DR/IMPS250822661682/DIVYANAIR/BCBK0004412,IMPS250822661682,IMPS,39614.94,,74124.21,44120987,Divya Nair,BCBK0004412,EV-3070,SYNTHETIC DEMONSTRATION DATA
11,TXN-0011,22/08/2025,22/08/2025,14:02:20,UPI/DR/UPI250822651623/DIVYANAIR/BCBK0004412,UPI250822651623,UPI,4285.95,,69838.26,44120987,Divya Nair,BCBK0004412,EV-3070,SYNTHETIC DEMONSTRATION DATA
12,TXN-0012,22/08/2025,22/08/2025,14:03:30,UPI/DR/UPI250822314883/COASTALLOGISTICSPVTLTD/BCBK0007765,UPI250822314883,UPI,39456.05,,30382.21,77650034,Coastal Logistics Pvt Ltd,BCBK0007765,EV-3070,SYNTHETIC DEMONSTRATION DATA
13,TXN-0013,22/08/2025,22/08/2025,14:04:40,UPI/DR/UPI250822223887/DIVYANAIR/BCBK0004412,UPI250822223887,UPI,34718.13,,-4335.92,44120987,Divya Nair,BCBK0004412,EV-3070,SYNTHETIC DEMONSTRATION DATA
14,TXN-0014,22/08/2025,22/08/2025,14:05:50,UPI/DR/UPI250822907663/DIVYANAIR/BCBK0004412,UPI250822907663,UPI,18971.02,,-23306.94,44120987,Divya Nair,BCBK0004412,EV-3070,SYNTHETIC DEMONSTRATION DATA
15,TXN-0015,22/08/2025,22/08/2025,14:07:00,UPI/DR/UPI250822458123/COASTALLOGISTICSPVTLTD/BCBK0007765,UPI250822458123,UPI,10841.10,,-34148.04,77650034,Coastal Logistics Pvt Ltd,BCBK0007765,EV-3070,SYNTHETIC DEMONSTRATION DATA
16,TXN-0016,22/08/2025,22/08/2025,14:08:10,IMPS/DR/IMPS250822315930/DIVYANAIR/BCBK0004412,IMPS250822315930,IMPS,46117.38,,-80265.42,44120987,Divya Nair,BCBK0004412,EV-3070,SYNTHETIC DEMONSTRATION DATA
17,TXN-0017,22/08/2025,22/08/2025,14:09:20,NEFT/DR/NEFT250822510978/DIVYANAIR/BCBK0004412,NEFT250822510978,NEFT,18810.16,,-99075.58,44120987,Divya Nair,BCBK0004412,EV-3070,SYNTHETIC DEMONSTRATION DATA
18,TXN-0018,22/08/2025,22/08/2025,14:10:30,NEFT/DR/NEFT250822725849/COASTALLOGISTICSPVTLTD/BCBK0007765,NEFT250822725849,NEFT,8080.82,,-107156.40,77650034,Coastal Logistics Pvt Ltd,BCBK0007765,EV-3070,SYNTHETIC DEMONSTRATION DATA
19,TXN-0019,22/08/2025,22/08/2025,14:11:40,IMPS/DR/IMPS250822320549/DIVYANAIR/BCBK0004412,IMPS250822320549,IMPS,8255.52,,-115411.92,44120987,Divya Nair,BCBK0004412,EV-3070,SYNTHETIC DEMONSTRATION DATA
20,TXN-0020,22/08/2025,22/08/2025,14:12:50,IMPS/DR/IMPS250822536561/DIVYANAIR/BCBK0004412,IMPS250822536561,IMPS,41289.75,,-156701.67,44120987,Divya Nair,BCBK0004412,EV-3070,SYNTHETIC DEMONSTRATION DATA
21,TXN-0021,22/08/2025,22/08/2025,14:14:00,UPI/DR/UPI250822154068/COASTALLOGISTICSPVTLTD/BCBK0007765,UPI250822154068,UPI,30563.95,,-187265.62,77650034,Coastal Logistics Pvt Ltd,BCBK0007765,EV-3070,SYNTHETIC DEMONSTRATION DATA
22,TXN-0022,22/08/2025,22/08/2025,14:15:10,IMPS/DR/IMPS250822472773/DIVYANAIR/BCBK0004412,IMPS250822472773,IMPS,39513.64,,-226779.26,44120987,Divya Nair,BCBK0004412,EV-3070,SYNTHETIC DEMONSTRATION DATA
23,TXN-0023,22/08/2025,22/08/2025,14:16:20,IMPS/DR/IMPS250822313760/DIVYANAIR/BCBK0004412,IMPS250822313760,IMPS,36108.20,,-262887.46,44120987,Divya Nair,BCBK0004412,EV-3070,SYNTHETIC DEMONSTRATION DATA
24,TXN-0024,22/08/2025,22/08/2025,14:17:30,IMPS/DR/IMPS250822977043/COASTALLOGISTICSPVTLTD/BCBK0007765,IMPS250822977043,IMPS,27594.04,,-290481.50,77650034,Coastal Logistics Pvt Ltd,BCBK0007765,EV-3070,SYNTHETIC DEMONSTRATION DATA
25,TXN-0025,22/08/2025,22/08/2025,14:18:40,UPI/DR/UPI250822131844/DIVYANAIR/BCBK0004412,UPI250822131844,UPI,46817.09,,-337298.59,44120987,Divya Nair,BCBK0004412,EV-3070,SYNTHETIC DEMONSTRATION DATA
26,TXN-0026,22/08/2025,22/08/2025,14:19:50,UPI/DR/UPI250822870751/DIVYANAIR/BCBK0004412,UPI250822870751,UPI,20655.51,,-357954.10,44120987,Divya Nair,BCBK0004412,EV-3070,SYNTHETIC DEMONSTRATION DATA
27,TXN-0027,22/08/2025,22/08/2025,14:21:00,UPI/DR/UPI250822782780/COASTALLOGISTICSPVTLTD/BCBK0007765,UPI250822782780,UPI,28289.79,,-386243.89,77650034,Coastal Logistics Pvt Ltd,BCBK0007765,EV-3070,SYNTHETIC DEMONSTRATION DATA
28,TXN-0028,22/08/2025,22/08/2025,14:22:10,IMPS/DR/IMPS250822317831/DIVYANAIR/BCBK0004412,IMPS250822317831,IMPS,40493.81,,-426737.70,44120987,Divya Nair,BCBK0004412,EV-3070,SYNTHETIC DEMONSTRATION DATA
29,TXN-0029,22/08/2025,22/08/2025,14:23:20,UPI/DR/UPI250822865269/DIVYANAIR/BCBK0004412,UPI250822865269,UPI,31214.87,,-457952.57,44120987,Divya Nair,BCBK0004412,EV-3070,SYNTHETIC DEMONSTRATION DATA
30,TXN-0030,22/08/2025,22/08/2025,14:24:30,NEFT/DR/NEFT250822303226/COASTALLOGISTICSPVTLTD/BCBK0007765,NEFT250822303226,NEFT,41915.10,,-499867.67,77650034,Coastal Logistics Pvt Ltd,BCBK0007765,EV-3070,SYNTHETIC DEMONSTRATION DATA
31,TXN-0031,22/08/2025,22/08/2025,14:25:40,NEFT/DR/NEFT250822772017/DIVYANAIR/BCBK0004412,NEFT250822772017,NEFT,29403.49,,-529271.16,44120987,Divya Nair,BCBK0004412,EV-3070,SYNTHETIC DEMONSTRATION DATA
32,TXN-0032,22/08/2025,22/08/2025,14:26:50,IMPS/DR/IMPS250822605512/DIVYANAIR/BCBK0004412,IMPS250822605512,IMPS,35001.16,,-564272.32,44120987,Divya Nair,BCBK0004412,EV-3070,SYNTHETIC DEMONSTRATION DATA
33,TXN-0033,22/08/2025,22/08/2025,14:28:00,UPI/DR/UPI250822376191/COASTALLOGISTICSPVTLTD/BCBK0007765,UPI250822376191,UPI,6016.27,,-570288.59,77650034,Coastal Logistics Pvt Ltd,BCBK0007765,EV-3070,SYNTHETIC DEMONSTRATION DATA
34,TXN-0034,22/08/2025,22/08/2025,14:29:10,NEFT/DR/NEFT250822407624/DIVYANAIR/BCBK0004412,NEFT250822407624,NEFT,14027.52,,-584316.11,44120987,Divya Nair,BCBK0004412,EV-3070,SYNTHETIC DEMONSTRATION DATA
35,TXN-0035,22/08/2025,22/08/2025,14:30:20,NEFT/DR/NEFT250822699678/DIVYANAIR/BCBK0004412,NEFT250822699678,NEFT,16733.07,,-601049.18,44120987,Divya Nair,BCBK0004412,EV-3070,SYNTHETIC DEMONSTRATION DATA
36,TXN-0036,22/08/2025,22/08/2025,14:31:30,UPI/DR/UPI250822605229/COASTALLOGISTICSPVTLTD/BCBK0007765,UPI250822605229,UPI,7510.85,,-608560.03,77650034,Coastal Logistics Pvt Ltd,BCBK0007765,EV-3070,SYNTHETIC DEMONSTRATION DATA
37,TXN-0037,22/08/2025,22/08/2025,14:32:40,NEFT/DR/NEFT250822323510/DIVYANAIR/BCBK0004412,NEFT250822323510,NEFT,14242.80,,-622802.83,44120987,Divya Nair,BCBK0004412,EV-3070,SYNTHETIC DEMONSTRATION DATA
38,TXN-0038,22/08/2025,22/08/2025,14:33:50,UPI/DR/UPI250822928215/DIVYANAIR/BCBK0004412,UPI250822928215,UPI,8444.06,,-631246.89,44120987,Divya Nair,BCBK0004412,EV-3070,SYNTHETIC DEMONSTRATION DATA
39,TXN-0039,22/08/2025,22/08/2025,14:35:00,NEFT/DR/NEFT250822284861/COASTALLOGISTICSPVTLTD/BCBK0007765,NEFT250822284861,NEFT,16230.84,,-647477.73,77650034,Coastal Logistics Pvt Ltd,BCBK0007765,EV-3070,SYNTHETIC DEMONSTRATION DATA
40,TXN-0040,22/08/2025,22/08/2025,14:36:10,NEFT/DR/NEFT250822198066/DIVYANAIR/BCBK0004412,NEFT250822198066,NEFT,31970.12,,-679447.85,44120987,Divya Nair,BCBK0004412,EV-3070,SYNTHETIC DEMONSTRATION DATA
41,TXN-0041,22/08/2025,22/08/2025,14:37:20,IMPS/DR/IMPS250822302156/DIVYANAIR/BCBK0004412,IMPS250822302156,IMPS,20052.62,,-699500.47,44120987,Divya Nair,BCBK0004412,EV-3070,SYNTHETIC DEMONSTRATION DATA
42,TXN-0042,22/08/2025,22/08/2025,14:38:30,UPI/DR/UPI250822932454/COASTALLOGISTICSPVTLTD/BCBK0007765,UPI250822932454,UPI,20287.96,,-719788.43,77650034,Coastal Logistics Pvt Ltd,BCBK0007765,EV-3070,SYNTHETIC DEMONSTRATION DATA
43,TXN-0043,22/08/2025,22/08/2025,14:39:40,NEFT/DR/NEFT250822829145/DIVYANAIR/BCBK0004412,NEFT250822829145,NEFT,13218.31,,-733006.74,44120987,Divya Nair,BCBK0004412,EV-3070,SYNTHETIC DEMONSTRATION DATA
44,TXN-0044,22/08/2025,22/08/2025,14:40:50,UPI/DR/UPI250822802098/DIVYANAIR/BCBK0004412,UPI250822802098,UPI,15747.02,,-748753.76,44120987,Divya Nair,BCBK0004412,EV-3070,SYNTHETIC DEMONSTRATION DATA
45,TXN-0045,22/08/2025,22/08/2025,14:42:00,UPI/DR/UPI250822398650/COASTALLOGISTICSPVTLTD/BCBK0007765,UPI250822398650,UPI,45212.80,,-793966.56,77650034,Coastal Logistics Pvt Ltd,BCBK0007765,EV-3070,SYNTHETIC DEMONSTRATION DATA
46,TXN-0046,22/08/2025,22/08/2025,14:43:10,NEFT/DR/NEFT250822780871/DIVYANAIR/BCBK0004412,NEFT250822780871,NEFT,32513.56,,-826480.12,44120987,Divya Nair,BCBK0004412,EV-3070,SYNTHETIC DEMONSTRATION DATA
47,TXN-0047,22/08/2025,22/08/2025,14:44:20,IMPS/DR/IMPS250822219532/DIVYANAIR/BCBK0004412,IMPS250822219532,IMPS,30801.76,,-857281.88,44120987,Divya Nair,BCBK0004412,EV-3070,SYNTHETIC DEMONSTRATION DATA
48,TXN-0048,22/08/2025,22/08/2025,14:45:30,UPI/DR/UPI250822312442/COASTALLOGISTICSPVTLTD/BCBK0007765,UPI250822312442,UPI,11530.10,,-868811.98,77650034,Coastal Logistics Pvt Ltd,BCBK0007765,EV-3070,SYNTHETIC DEMONSTRATION DATA
49,TXN-0049,22/08/2025,22/08/2025,14:46:40,NEFT/DR/NEFT250822566277/DIVYANAIR/BCBK0004412,NEFT250822566277,NEFT,36081.58,,-904893.56,44120987,Divya Nair,BCBK0004412,EV-3070,SYNTHETIC DEMONSTRATION DATA
50,TXN-0050,22/08/2025,22/08/2025,14:47:50,UPI/DR/UPI250822927236/DIVYANAIR/BCBK0004412,UPI250822927236,UPI,11189.71,,-916083.27,44120987,Divya Nair,BCBK0004412,EV-3070,SYNTHETIC DEMONSTRATION DATA
51,TXN-0051,22/08/2025,22/08/2025,14:49:00,UPI/DR/UPI250822688963/COASTALLOGISTICSPVTLTD/BCBK0007765,UPI250822688963,UPI,20696.04,,-936779.31,77650034,Coastal Logistics Pvt Ltd,BCBK0007765,EV-3070,SYNTHETIC DEMONSTRATION DATA
52,TXN-0052,22/08/2025,22/08/2025,14:50:10,UPI/DR/UPI250822380695/DIVYANAIR/BCBK0004412,UPI250822380695,UPI,47539.03,,-984318.34,44120987,Divya Nair,BCBK0004412,EV-3070,SYNTHETIC DEMONSTRATION DATA
53,TXN-0053,22/08/2025,22/08/2025,14:51:20,UPI/DR/UPI250822768074/DIVYANAIR/BCBK0004412,UPI250822768074,UPI,32159.99,,-1016478.33,44120987,Divya Nair,BCBK0004412,EV-3070,SYNTHETIC DEMONSTRATION DATA
54,TXN-0054,22/08/2025,22/08/2025,14:52:30,UPI/DR/UPI250822303536/COASTALLOGISTICSPVTLTD/BCBK0007765,UPI250822303536,UPI,28505.79,,-1044984.12,77650034,Coastal Logistics Pvt Ltd,BCBK0007765,EV-3070,SYNTHETIC DEMONSTRATION DATA
55,TXN-0055,22/08/2025,22/08/2025,14:53:40,IMPS/DR/IMPS250822451496/DIVYANAIR/BCBK0004412,IMPS250822451496,IMPS,34123.03,,-1079107.15,44120987,Divya Nair,BCBK0004412,EV-3070,SYNTHETIC DEMONSTRATION DATA
56,TXN-0056,22/08/2025,22/08/2025,14:54:50,IMPS/DR/IMPS250822848116/DIVYANAIR/BCBK0004412,IMPS250822848116,IMPS,41085.48,,-1120192.63,44120987,Divya Nair,BCBK0004412,EV-3070,SYNTHETIC DEMONSTRATION DATA
57,TXN-0057,22/08/2025,22/08/2025,14:56:00,IMPS/DR/IMPS250822598793/COASTALLOGISTICSPVTLTD/BCBK0007765,IMPS250822598793,IMPS,38144.00,,-1158336.63,77650034,Coastal Logistics Pvt Ltd,BCBK0007765,EV-3070,SYNTHETIC DEMONSTRATION DATA
58,TXN-0058,22/08/2025,22/08/2025,14:57:10,UPI/DR/UPI250822622345/DIVYANAIR/BCBK0004412,UPI250822622345,UPI,14078.12,,-1172414.75,44120987,Divya Nair,BCBK0004412,EV-3070,SYNTHETIC DEMONSTRATION DATA
